COUNTY,RISK_SCORE
Autauga,49.220489977728285
Baldwin,97.709195036589250
Barbour,56.188355074769326
Bibb,32.484887050588611
Blount,65.128857779191847
Bullock,32.453070314985681
Butler,54.056633789373208
Calhoun,84.377982818962778
Chambers,42.348075087496021
Cherokee,42.061724467069681
Chilton,58.542793509385938
Choctaw,74.355711104040722
Clarke,72.096722876232903
Clay,22.367165128857781
Cleburne,22.558065542475340
Coffee,89.086859688196000
Colbert,71.905822462615333
Conecuh,47.534202990773146
Coosa,7.508749602290806
Covington,88.705058860960861
Crenshaw,46.261533566656063
Cullman,69.646834234807514
Dale,79.669105949729556
Dallas,57.842825326121542
DeKalb,69.424117085587028
Elmore,57.270124085268847
Escambia,91.377664651606750
Etowah,82.246261533566653
Fayette,29.398663697104677
Franklin,65.478841870824056
Geneva,65.542475342029903
Greene,18.040089086859687
Hale,33.153038498250083
Henry,49.888641425389757
Houston,90.677696468342347
Jackson,69.933184855233861
Jefferson,96.468342348075083
Lamar,29.685014317531021
Lauderdale,76.360165447025125
Lawrence,60.451797645561570
Lee,70.824053452115805
Limestone,73.592109449570472
Lowndes,26.503340757238309
Macon,20.999045497931913
Madison,91.282214444797958
Marengo,41.266306076996500
Marion,57.970092268533250
Marshall,85.173401209035944
Mobile,98.790964047088764
Monroe,58.892777601018132
Montgomery,86.255170219535472
Morgan,88.132357620108181
Perry,13.713013044861597
Pickens,44.829780464524340
Pike,63.251670378619153
Randolph,29.462297168310531
Russell,39.261851734012090
St. Clair,70.792236716512889
Shelby,87.400572701240847
Sumter,51.065860642698055
Talladega,71.810372255806556
Tallapoosa,50.047725103404396
Tuscaloosa,87.114222080814514
Walker,73.337575564747056
Washington,58.001909004136174
Wilcox,23.003499840916323
Winston,44.002545338848236
Aleutians East,4.231625835189309
Aleutians West,35.221126312440340
Anchorage,94.845688832325806
Bethel,16.926503340757236
Bristol Bay,0.159083678014636
Chugach,8.017817371937639
Copper River,2.036271078587337
Denali,11.708558701877188
Dillingham,2.163538020999046
Fairbanks North Star,82.373528475978361
Haines,3.722558065542475
Hoonah-Angoon,4.708876869233217
Juneau,19.758192809417753
Kenai Peninsula,90.964047088768694
Ketchikan Gateway,0.381800827235126
Kodiak Island,68.755965637925556
Kusilvak,3.277123767101495
Lake and Peninsula,1.654470251352211
Matanuska-Susitna,88.959592745784278
Nome,3.404390709513204
North Slope,8.940502704422526
Northwest Arctic,2.068087814190264
Petersburg,0.445434298440980
Prince of Wales-Hyder,0.286350620426344
Sitka,18.485523385300667
Skagway,1.463569837734648
Southeast Fairbanks,58.415526566974229
Wrangell,0.190900413617563
Yakutat,2.608972319440026
Yukon-Koyukuk,45.052497613744826
Apache,43.398027362392618
Cochise,85.873369392300347
Coconino,90.232262169901361
Gila,85.268851415844736
Graham,68.183264397072861
Greenlee,6.967865097041044
La Paz,69.010499522748972
Maricopa,97.327394209354125
Mohave,88.418708240534514
Navajo,80.941775373846653
Pima,94.972955774737514
Pinal,93.127585109767736
Santa Cruz,68.374164810690417
Yavapai,88.832325803372569
Yuma,91.664015272033097
Arkansas,62.106267896913778
Ashley,59.433662106267896
Baxter,73.496659242761694
Benton,87.559656379255486
Boone,70.442252624880680
Bradley,30.607699650015906
Calhoun,11.040407254215717
Carroll,68.278714603881639
Chicot,59.592745784282528
Clark,51.797645561565389
Clay,64.333439389118681
Cleburne,72.446706967865097
Cleveland,11.422208081450844
Columbia,48.456888323258035
Conway,67.515112949411389
Craighead,92.332166719694570
Crawford,77.441934457524653
Crittenden,80.750874960229083
Cross,66.496977410117722
Dallas,13.967546929685016
Desha,44.734330257715563
Drew,39.675469296850139
Faulkner,89.182309895004778
Franklin,49.920458160992681
Fulton,45.784282532612153
Garland,86.127903277123764
Grant,29.080496341075406
Greene,78.682787146038820
Hempstead,58.160992682150813
Hot Spring,61.851734012090361
Howard,42.729875914731146
Independence,78.046452433980278
Izard,49.347756920139993
Jackson,74.928412344893417
Jefferson,84.250715876551070
Johnson,69.265033407572389
Lafayette,30.321349029589562
Lawrence,68.978682787146042
Lee,55.838370983137132
Lincoln,46.866051543111674
Little River,25.612472160356347
Logan,52.052179446388806
Lonoke,78.778237352847597
Madison,61.788100540884507
Marion,42.761692650334076
Miller,74.228444161629014
Mississippi,88.991409481387208
Monroe,61.533566656061090
Montgomery,19.630925867006045
Nevada,17.181037225580656
Newton,13.744829780464524
Ouachita,53.611199490932229
Perry,40.757238307349667
Phillips,65.287941457206486
Pike,32.325803372573972
Poinsett,77.378300986318806
Polk,47.979637289214125
Pope,82.850779510022278
Prairie,48.234171174037542
Pulaski,95.068405981546292
Randolph,67.769646834234806
St. Francis,80.019090041361750
Saline,76.201081769010500
Scott,31.180400890868597
Searcy,24.498886414253899
Sebastian,83.932548520521806
Sevier,34.521158129175944
Sharp,66.146993318485528
Stone,57.174673878460069
Union,61.915367483296215
Van Buren,59.560929048679597
Washington,91.027680559974542
White,87.750556792873041
Woodruff,66.878778237352847
Yell,64.078905504295264
Alameda,99.872733057588292
Alpine,23.926185173401208
Amador,77.791918549156861
Butte,97.168310531339486
Calaveras,86.446070633153042
Colusa,95.418390073178500
Contra Costa,99.586382437161944
Del Norte,84.346166083359847
El Dorado,91.600381800827236
Fresno,98.090995863824375
Glenn,94.813872096722875
Humboldt,97.009226853324847
Imperial,98.059179128221444
Inyo,75.882914412981222
Kern,99.013681196309250
Kings,91.059497295577472
Lake,91.918549156856514
Lassen,75.342029907731472
Los Angeles,100.000000000000000
Madera,94.654788418708236
Marin,96.022908049634097
Mariposa,79.860006363347125
Mendocino,95.100222717149222
Merced,95.322939866369722
Modoc,80.846325167037861
Mono,67.801463569837736
Monterey,98.377346484250722
Napa,97.677378300986319
Nevada,84.091632198536431
Orange,99.777282850779514
Placer,89.341393573019417
Plumas,78.969137766465153
Riverside,99.936366528794139
Sacramento,97.645561565383389
San Benito,93.859370028635055
San Bernardino,99.904549793191222
San Diego,99.681832643970722
San Francisco,98.918230989500472
San Joaquin,97.772828507795097
San Luis Obispo,93.318485523385291
San Mateo,99.331848552338528
Santa Barbara,99.395482023544375
Santa Clara,99.840916321985361
Santa Cruz,97.613744829780472
Shasta,95.291123130766792
Sierra,36.398345529748646
Siskiyou,90.614062997136486
Solano,98.218262806236083
Sonoma,99.172764874323889
Stanislaus,95.800190900413611
Sutter,96.054724785237028
Tehama,93.063951638561875
Trinity,69.869551384028000
Tulare,95.768374164810695
Tuolumne,85.777919185491569
Ventura,99.427298759147305
Yolo,97.359210944957042
Yuba,89.023226216990139
Adams,94.177537384664333
Alamosa,34.330257715558382
Arapahoe,95.163856188355084
Archuleta,14.985682468978684
Baca,5.790645879732740
Bent,8.622335348393255
Boulder,89.500477251034042
Broomfield,67.292395800190903
Chaffee,13.490295895641108
Cheyenne,5.217944638880051
Clear Creek,37.671014953865736
Conejos,6.204263442570792
Costilla,4.295259306395164
Crowley,5.249761374482978
Custer,7.095132039452752
Delta,16.576519249125042
Denver,93.604836143811639
Dolores,1.304486159720013
Douglas,81.896277441934458
Eagle,32.007636016544708
Elbert,23.385300668151448
El Paso,93.509385937002861
Fremont,42.570792236716514
Garfield,56.411072223989819
Gilpin,14.190264078905503
Grand,31.562201718103722
Gunnison,23.671651288577792
Hinsdale,2.863506204263443
Huerfano,18.199172764874323
Jackson,1.749920458160993
Jefferson,94.782055361119959
Kiowa,2.958956411072224
Kit Carson,49.856824689786826
Lake,4.072542157174674
La Plata,66.337893732103083
Larimer,93.541202672605792
Las Animas,21.826280623608017
Lincoln,11.390391345847917
Logan,65.669742284441611
Mesa,47.343302577155583
Mineral,1.527203308940503
Moffat,15.240216353802099
Montezuma,19.344575246579701
Montrose,25.930639516385618
Morgan,72.351256761056320
Otero,17.276487432389438
Ouray,4.772510340439070
Park,30.639516385618837
Phillips,27.807826916958323
Pitkin,45.911549475023861
Prowers,32.230353165765194
Pueblo,79.796372892141264
Rio Blanco,16.290168628698694
Rio Grande,25.230671333121222
Routt,8.176901049952274
Saguache,7.858733693923003
San Juan,7.731466751511295
San Miguel,25.326121539930003
Sedgwick,26.344257079223670
Summit,29.780464524339799
Teller,61.979000954502069
Washington,8.876869233216672
Weld,89.245943366210625
Yuma,63.283487114222083
Fairfield,95.450206808781417
Hartford,91.473114858415528
Litchfield,82.500795418390069
Middlesex,78.364619790009556
New Haven,94.463888005090681
New London,87.368755965637916
Tolland,67.069678650970417
Windham,69.519567292395806
Kent,84.759783646197889
New Castle,90.773146675151125
Sussex,92.936684696150166
District of Columbia,91.568565065224305
Alachua,93.827553293032139
Baker,46.770601336302896
Bay,97.486477887368764
Bradford,70.219535475660194
Brevard,99.363665287941458
Broward,99.745466115176583
Calhoun,68.533248488705055
Charlotte,96.595609290486792
Citrus,95.895641107222389
Clay,88.768692332166722
Collier,98.854597518294611
Columbia,84.950684059815458
DeSoto,90.423162583518931
Dixie,67.865097041043583
Duval,97.836461979000958
Escambia,97.868278714603889
Flagler,88.355074769328667
Franklin,70.664969774101166
Gadsden,80.050906776964680
Gilchrist,49.061406299713653
Glades,74.992045816099278
Gulf,76.264715240216347
Hamilton,65.065224307986000
Hardee,80.273623926185181
Hendry,91.154947502386250
Hernando,95.545657015590209
Highlands,90.295895641107222
Hillsborough,99.554565701559014
Holmes,83.200763601654472
Indian River,97.072860324530708
Jackson,85.809735921094500
Jefferson,49.697741011772187
Lafayette,52.083996181991729
Lake,95.227489659560931
Lee,99.490932230353167
Leon,94.559338211899458
Levy,83.264397072860334
Liberty,40.566337893732104
Madison,70.346802418071903
Manatee,98.440979955456569
Marion,96.245625198854597
Martin,96.531975819280945
Miami-Dade,99.809099586382430
Monroe,95.927457842825319
Nassau,83.073496659242764
Okaloosa,97.422844416162903
Okeechobee,87.591473114858417
Orange,98.568246897868278
Osceola,95.132039452752153
Palm Beach,99.713649379573653
Pasco,99.045497931912180
Pinellas,99.204581609926819
Polk,98.027362392618528
Putnam,90.168628698695514
St. Johns,94.145720649061403
St. Lucie,98.313713013044861
Santa Rosa,95.513840279987278
Sarasota,98.409163219853639
Seminole,95.641107222398986
Sumter,88.927776010181361
Suwannee,82.150811326757875
Taylor,74.005727012408528
Union,43.079860006363347
Volusia,97.518294622971680
Wakulla,68.596881959910917
Walton,94.686605154311167
Washington,87.718740057270125
Appling,72.319440025453389
Atkinson,41.139039134584792
Bacon,48.743238943684382
Baker,10.722239898186446
Baldwin,42.157174673878458
Banks,19.917276487432389
Barrow,54.692968501431750
Bartow,73.528475978364611
Ben Hill,41.520839961819917
Berrien,54.088450524976139
Bibb,76.423798918230986
Bleckley,15.908367801463569
Brantley,57.461024498886417
Brooks,52.370346802418076
Bryan,87.527839643652555
Bulloch,89.214126630607709
Burke,58.383709831371299
Butts,16.608335984727969
Calhoun,25.962456251988549
Camden,85.300668151447653
Candler,40.184537066496979
Carroll,76.646516067451472
Catoosa,62.169901368119632
Charlton,56.633789373210305
Chatham,98.663697104677055
Chattahoochee,3.308940502704422
Chattooga,54.724785237034681
Cherokee,82.659879096404708
Clarke,67.737830098631875
Clay,14.285714285714285
Clayton,86.477887368755972
Clinch,35.921094495704743
Cobb,92.204899777282861
Coffee,77.346484250715875
Colquitt,81.514476614699333
Columbia,76.455615653833917
Cook,60.038180082723514
Coweta,67.642379891823097
Crawford,7.190582246261533
Crisp,61.119949093223035
Dade,33.853006681514472
Dawson,24.817053770283167
Decatur,80.782691695832014
DeKalb,89.627744193445764
Dodge,32.262169901368118
Dooly,37.098313713013042
Dougherty,79.510022271714917
Douglas,75.087496022908056
Early,59.401845370664972
Echols,4.263442570792237
Effingham,79.160038180082722
Elbert,28.444161629016861
Emanuel,58.510976773783007
Evans,63.856188355074771
Fannin,39.230034998409167
Fayette,68.787782373528472
Floyd,78.650970410435889
Forsyth,81.164492523067139
Franklin,28.857779191854917
Fulton,92.300349984091639
Gilmer,61.469933184855229
Glascock,3.372573973910277
Glynn,90.804963410754056
Gordon,65.987909640470889
Grady,77.123767101495389
Greene,22.430798600063635
Gwinnett,91.441298122812597
Habersham,36.430162265351576
Hall,81.387209672287625
Hancock,6.936048361438115
Haralson,23.862551702195354
Harris,17.467387846007000
Hart,30.130448615972000
Heard,12.694877505567929
Henry,75.978364619790000
Houston,71.078587336939222
Irwin,29.812281259942729
Jackson,58.447343302577160
Jasper,6.299713649379574
Jeff Davis,46.993318485523382
Jefferson,41.870824053452118
Jenkins,28.571428571428569
Johnson,14.062997136493797
Jones,13.013044861597201
Lamar,10.117721921730832
Lanier,15.399300031816734
Laurens,53.420299077314667
Lee,45.816099268215083
Liberty,94.113903913458472
Lincoln,10.435889277760102
Long,56.474705695195674
Lowndes,81.355392936684694
Lumpkin,32.803054406617882
McDuffie,33.884823417117403
McIntosh,79.287305122494431
Macon,28.285077951002229
Madison,36.048361438116451
Marion,4.136175628380529
Meriwether,17.785555202036271
Miller,45.561565383391667
Mitchell,72.828507795100222
Monroe,21.953547566019726
Montgomery,15.558383709831372
Morgan,22.048997772828507
Murray,60.229080496341084
Muscogee,69.233216671969458
Newton,62.742602608972319
Oconee,23.544384346166083
Oglethorpe,11.008590518612790
Paulding,71.301304486159722
Peach,32.930321349029590
Pickens,36.334712058542792
Pierce,70.155902004454333
Pike,6.172446706967865
Polk,56.570155902004458
Pulaski,12.058542793509385
Putnam,27.076041998090993
Quitman,10.785873369392300
Rabun,22.112631244034361
Randolph,28.189627744193444
Richmond,88.736875596563792
Rockdale,63.888005090677702
Schley,2.449888641425390
Screven,67.992363983455292
Seminole,62.997136493795736
Spalding,44.861597200127271
Stephens,29.303213490295892
Stewart,11.804008908685969
Sumter,58.765510658606424
Talbot,3.627107858733694
Taliaferro,1.113585746102450
Tattnall,83.328030544066181
Taylor,8.558701877187401
Telfair,36.207445116131090
Terrell,23.353483932548521
Thomas,85.332484887050583
Tift,73.846643334393889
Toombs,66.783328030544070
Towns,10.976773783009863
Treutlen,12.440343620744512
Troup,67.324212535793819
Turner,26.853324848870507
Twiggs,4.995227489659561
Union,28.062360801781740
Upson,18.867324212535795
Walker,73.783009863188028
Walton,58.192809417753743
Ware,71.555838370983139
Warren,6.713331212217627
Washington,28.380528157811007
Wayne,75.946547884187083
Webster,4.549793191218581
Wheeler,8.590518612790328
White,34.775692013999368
Whitfield,80.178173719376389
Wilcox,22.748965956092903
Wilkes,15.622017181037226
Wilkinson,6.013363028953229
Worth,54.661151765828834
Hawaii,97.581928094177542
Honolulu,94.050270442252625
Kalawao,0.063633471205854
Kauai,74.419344575246583
Maui,87.686923321667194
Ada,87.941457206490611
Adams,50.906776964683417
Bannock,65.701559020044542
Bear Lake,6.840598154629335
Benewah,5.917912822144448
Bingham,50.684059815462930
Blaine,42.029907731466750
Boise,61.629016862869868
Bonner,27.712376710149538
Bonneville,71.364937957365569
Boundary,20.394527521476295
Butte,3.531657651924912
Camas,2.386255170219535
Canyon,65.256124721603555
Caribou,11.517658288259625
Cassia,48.520521794463889
Clark,4.867960547247852
Clearwater,25.517021953547562
Custer,15.972001272669425
Elmore,79.350938593700278
Franklin,9.704104358892778
Fremont,38.498250079541840
Gem,49.379573655742917
Gooding,43.779828189627743
Idaho,80.909958638243722
Jefferson,37.639198218262806
Jerome,21.667196945593382
Kootenai,61.310849506840604
Latah,17.053770283168948
Lemhi,32.198536430162264
Lewis,4.804327076041998
Lincoln,25.803372573973910
Madison,36.875596563792556
Minidoka,23.989818644607062
Nez Perce,16.894686605154309
Oneida,4.327076041998091
Owyhee,37.543748011454028
Payette,20.044543429844097
Power,26.216990136811962
Shoshone,8.717785555202036
Teton,27.935093859370031
Twin Falls,51.352211263124403
Valley,58.256442888959590
Washington,39.993636652879417
Adams,51.097677378300986
Alexander,55.933821189945910
Bond,44.034362074451160
Boone,54.533884823417125
Brown,6.140629971364938
Bureau,63.442570792236722
Calhoun,3.818008272351257
Carroll,44.416162901686285
Cass,30.384982500795420
Champaign,85.491568565065222
Christian,52.688514158447340
Clark,29.016862869869552
Clay,48.075087496022903
Clinton,65.765192491250403
Coles,68.819599109131403
Cook,99.618199172764875
Crawford,52.656697422844410
Cumberland,16.353802099904549
DeKalb,74.896595609290486
De Witt,24.212535793827552
Douglas,44.320712694877507
DuPage,94.941139039134583
Edgar,41.489023226216993
Edwards,14.731148584155266
Effingham,62.424435252943042
Fayette,42.538975501113583
Ford,19.853643016226535
Franklin,75.373846643334403
Fulton,61.342666242443521
Gallatin,29.239580019090038
Greene,12.185809735921096
Grundy,64.365256124721597
Hamilton,53.388482341711743
Hancock,20.680878141902642
Hardin,10.817690104995227
Henderson,9.926821508113267
Henry,66.942411708558708
Iroquois,44.479796372892139
Jackson,84.537066496977403
Jasper,32.739420935412028
Jefferson,82.278078269169583
Jersey,25.771555838370986
Jo Daviess,44.447979637289215
Johnson,50.461342666242444
Kane,90.041361756283806
Kankakee,71.174037543748014
Kendall,73.560292713967542
Knox,57.301940820871778
Lake,93.732103086223347
LaSalle,75.437480114540250
Lawrence,47.056951956729236
Lee,57.492841234489347
Livingston,44.543429844098000
Logan,61.088132357620104
McDonough,31.498568246897868
McHenry,85.714285714285708
McLean,81.069042316258361
Macon,77.251034043907097
Macoupin,72.223989818644611
Madison,92.491250397709194
Marion,73.146675151129486
Marshall,36.175628380528160
Mason,45.020680878141903
Massac,68.405981546293347
Menard,32.357620108176896
Mercer,24.435252943048045
Monroe,54.820235443843458
Montgomery,56.283805281578111
Morgan,61.819917276487438
Moultrie,33.089405027044229
Ogle,60.960865415208396
Peoria,85.014317531021319
Perry,70.474069360483611
Piatt,26.726057906458799
Pike,18.517340120903594
Pope,24.180719058224625
Pulaski,38.370983137130132
Putnam,10.849506840598155
Randolph,75.660197263760736
Richland,43.588927776010181
Rock Island,72.255806554247542
St. Clair,93.254852052179444
Saline,67.896913776646514
Sangamon,88.545975182946236
Schuyler,17.340120903595292
Scott,7.954183900731785
Shelby,33.121221762647153
Stark,16.035634743875278
Stephenson,68.119630925867000
Tazewell,82.405345211581292
Union,53.833916640152722
Vermilion,66.306076996500167
Wabash,23.767101495386573
Warren,25.262488068724149
Washington,47.661469933184861
Wayne,45.879732739420938
White,56.856506522430792
Whiteside,56.156538339166403
Will,93.477569201399930
Williamson,83.550747693286667
Winnebago,90.454979319121847
Woodford,49.538657333757556
Adams,43.270760419980910
Allen,86.414253897550111
Bartholomew,78.523703468024181
Benton,11.135857461024500
Blackford,11.676741966274260
Boone,37.575564747056951
Brown,12.885777919185493
Carroll,35.571110404072542
Cass,30.098631880369076
Clark,81.928094177537375
Clay,43.875278396436521
Clinton,40.057270124085271
Crawford,32.707604199809097
Daviess,58.988227807826924
Dearborn,47.152402163538021
Decatur,33.025771555838375
DeKalb,42.220808145084312
Delaware,73.973910276805597
Dubois,52.529430480432701
Elkhart,75.692013999363667
Fayette,31.371301304486160
Floyd,68.628698695513847
Fountain,34.934775692014000
Franklin,27.394209354120271
Fulton,19.280941775373847
Gibson,57.015590200445430
Grant,63.156220171810375
Greene,51.384027998727333
Hamilton,86.159720012726694
Hancock,48.679605472478521
Harrison,60.197263760738153
Hendricks,70.124085268851417
Henry,53.674832962138083
Howard,68.342348075087500
Huntington,37.257397391027681
Jackson,69.742284441616292
Jasper,40.534521158129181
Jay,32.993954820235444
Jefferson,59.147311485841549
Jennings,28.635062042634424
Johnson,81.737193763919819
Knox,66.178810054088459
Kosciusko,66.592427616926514
LaGrange,52.879414572064910
Lake,92.777601018135542
LaPorte,74.069360483614375
Lawrence,52.338530066815146
Madison,72.128539611835834
Marion,93.286668787782375
Marshall,42.507158765510660
Martin,13.808463251670378
Miami,27.521476296531976
Monroe,68.087814190264083
Montgomery,53.356665606108812
Morgan,62.583518930957680
Newton,16.226535157492840
Noble,49.156856506522431
Ohio,6.745147947820554
Orange,45.847916003818007
Owen,45.434298440979951
Parke,33.821189945911549
Perry,45.497931912185805
Pike,25.421571746738785
Porter,80.241807190582250
Posey,54.502068087814195
Pulaski,10.499522748965957
Putnam,37.607381482659882
Randolph,35.730194082087181
Ripley,49.570474069360479
Rush,21.285396118358257
St. Joseph,72.892141266306083
Scott,48.011454024817048
Shelby,53.006681514476618
Spencer,39.611835825644285
Starke,23.894368437798281
Steuben,29.175946547884184
Sullivan,33.916640152720326
Switzerland,23.258033725739740
Tippecanoe,78.332803054406625
Tipton,23.321667196945594
Union,5.727012408526885
Vanderburgh,90.136811963092583
Vermillion,30.734966592427615
Vigo,79.191854915685653
Wabash,45.179764556156535
Warren,8.781419026407891
Warrick,68.692332166719694
Washington,51.320394527521472
Wayne,62.010817690104993
Wells,31.116767419662743
White,26.057906458797326
Whitley,35.348393254852049
Adair,37.002863506204264
Adams,17.849188673242125
Allamakee,23.798918230989500
Appanoose,40.502704422526250
Audubon,29.589564110722240
Benton,48.297804645243396
Black Hawk,81.705377028316889
Boone,46.102449888641431
Bremer,38.339166401527201
Buchanan,45.275214762965319
Buena Vista,50.397709195036590
Butler,43.334393891186764
Calhoun,60.419980909958639
Carroll,62.647152402163542
Cass,46.452433980273625
Cedar,46.134266624244354
Cerro Gordo,65.828825962456250
Cherokee,36.939230034998410
Chickasaw,39.293668469615014
Clarke,34.489341393573021
Clay,51.256761056315625
Clayton,52.847597836461979
Clinton,70.983137130130444
Crawford,71.428571428571431
Dallas,72.987591473114861
Davis,41.839007317849187
Decatur,29.525930639516385
Delaware,59.020044543429840
Des Moines,69.455933821189944
Dickinson,43.843461660833597
Dubuque,77.855552020362708
Emmet,28.889595927457844
Fayette,56.061088132357618
Floyd,42.952593063951639
Franklin,42.443525294304806
Fremont,38.180082723512562
Greene,46.547884187082403
Grundy,35.475660197263757
Guthrie,53.038498250079549
Hamilton,42.475342029907729
Hancock,38.530066815144764
Hardin,60.929048679605472
Harrison,49.443207126948771
Henry,33.248488705058861
Howard,34.075723830734965
Humboldt,29.653197581928094
Ida,25.485205217944639
Iowa,54.279350938593694
Jackson,55.042952593063951
Jasper,56.824689786827875
Jefferson,21.317212853961184
Johnson,93.191218580973583
Jones,55.106586064269806
Keokuk,29.716831053133948
Kossuth,56.347438752783965
Lee,58.956411072223993
Linn,91.727648743238944
Louisa,50.270442252624882
Lucas,27.553293032134903
Lyon,34.298440979955458
Madison,24.530703149856826
Mahaska,42.920776328348708
Marion,43.684377982818958
Marshall,68.851415844734333
Mills,38.752783964365257
Mitchell,38.434616608335986
Monona,30.575882914412983
Monroe,21.635380209990455
Montgomery,40.375437480114542
Muscatine,54.915685650652243
O'Brien,67.419662742602611
Osceola,52.274896595609292
Page,44.193445752465799
Palo Alto,46.706967865097042
Plymouth,40.089086859688194
Pocahontas,36.811963092586701
Polk,91.536748329621375
Pottawattamie,83.582564428889597
Poweshiek,49.411390391345847
Ringgold,20.076360165447024
Sac,55.392936684696146
Scott,82.055361119949083
Shelby,42.316258351893090
Sioux,66.560610881323583
Story,76.010181355392930
Tama,52.720330894050271
Taylor,28.221444479796371
Union,36.016544702513521
Van Buren,27.266942411708563
Wapello,63.219853643016222
Warren,47.916003818008271
Washington,61.438116449252313
Wayne,25.294304804327076
Webster,75.182946229716833
Winnebago,31.975819280941774
Winneshiek,45.147947820553611
Woodbury,83.455297486477889
Worth,24.785237034680240
Wright,43.143493477569201
Allen,26.121539930003181
Anderson,21.444479796372892
Atchison,23.958001909004135
Barber,31.721285396118361
Barton,78.873687559656375
Bourbon,31.275851097677375
Brown,33.184855233853007
Butler,80.209990454979319
Chase,25.135221126312441
Chautauqua,31.848552338530066
Cherokee,64.460706331530389
Cheyenne,11.867642379891823
Clark,11.613108495068406
Clay,21.126312440343618
Cloud,13.872096722876231
Coffey,18.453706649697740
Comanche,12.249443207126950
Cowley,74.546611517658292
Crawford,74.737511931275847
Decatur,39.961819917276486
Dickinson,47.438752783964368
Doniphan,40.725421571746736
Douglas,79.637289214126625
Edwards,16.003818008272354
Elk,13.999363665287943
Ellis,42.188991409481389
Ellsworth,40.025453388482340
Finney,72.287623289850472
Ford,65.956092904867958
Franklin,52.974864778873687
Geary,65.351574928412347
Gove,28.985046134266625
Graham,10.531339484568884
Grant,41.711740375437479
Gray,38.784600699968188
Greeley,30.957683741648108
Greenwood,18.580973592109448
Hamilton,12.981228125994274
Harper,37.321030862233535
Harvey,70.378619153674833
Haskell,35.093859370028632
Hodgeman,20.203627107858736
Jackson,22.176264715240215
Jefferson,35.443843461660833
Jewell,42.857142857142854
Johnson,94.272987591473111
Kearny,27.966910594972955
Kingman,35.793827553293035
Kiowa,22.908049634107542
Labette,61.947184218899146
Lane,18.262806236080177
Leavenworth,74.196627426026083
Lincoln,11.772192173083042
Linn,26.376073814826601
Logan,13.331212217626470
Lyon,49.984091632198535
McPherson,66.465160674514792
Marion,53.547566019726375
Marshall,19.185491568565066
Meade,37.448297804645243
Miami,54.438434616608333
Mitchell,39.039134584791604
Montgomery,74.769328666878778
Morris,18.803690741329941
Morton,12.726694241170854
Nemaha,31.021317212853962
Neosho,55.711104040725424
Ness,21.603563474387528
Norton,40.152720330894049
Osage,35.952911231307667
Osborne,23.512567610563156
Ottawa,24.976137448297806
Pawnee,45.625198854597521
Phillips,47.947820553611194
Pottawatomie,38.084632516703785
Pratt,39.325485205217944
Rawlins,18.676423798918233
Reno,84.918867324212528
Republic,12.376710149538656
Rice,42.793509385937000
Riley,75.723830734966597
Rooks,37.066496977410118
Rush,23.608017817371937
Russell,23.289850461342667
Saline,77.887368755965639
Scott,33.057588291441299
Sedgwick,94.877505567928736
Seward,61.724467069678646
Shawnee,80.369074132993958
Sheridan,34.393891186764236
Sherman,28.762328985046132
Smith,39.548202354438430
Stafford,19.408208717785556
Stanton,15.208399618199172
Stevens,31.689468660515431
Sumner,64.619790009545014
Thomas,22.080814508431434
Trego,7.540566337893733
Wabaunsee,17.594654788418708
Wallace,17.753738466433344
Washington,29.971364937957368
Wichita,47.025135221126313
Wilson,41.011772192173083
Woodson,4.836143811644925
Wyandotte,87.177855552020361
Adair,36.080178173719375
Allen,45.370664969774097
Anderson,33.471205854279354
Ballard,44.607063315303854
Barren,66.433343938911875
Bath,16.831053133948455
Bell,54.979319121858097
Boone,75.151129494113903
Bourbon,32.834871142220805
Boyd,42.093541202672604
Boyle,45.307031498568243
Bracken,9.290486796054724
Breathitt,29.875914731148583
Breckinridge,51.734012090359528
Bullitt,75.055679287305125
Butler,24.307986000636333
Caldwell,53.738466433343937
Calloway,76.041998090995861
Campbell,58.797327394209354
Carlisle,32.580337257397389
Carroll,28.475978364619792
Carter,49.952274896595611
Casey,28.253261215399299
Christian,84.314349347756917
Clark,48.361438116449250
Clay,35.252943048043271
Clinton,15.462933503022590
Crittenden,41.361756283805285
Cumberland,7.890550429525931
Daviess,83.232580337257403
Edmonson,20.776328348711424
Elliott,8.463251670378618
Estill,25.389755011135858
Fayette,88.291441298122805
Fleming,31.403118040089083
Floyd,71.969455933821195
Franklin,62.806236080178167
Fulton,58.320076360165451
Gallatin,14.890232262169899
Garrard,19.726376073814826
Grant,30.289532293986639
Graves,83.773464842507167
Grayson,34.966592427616931
Green,19.026407890550427
Greenup,30.480432707604198
Hancock,35.984727966910597
Hardin,72.160356347438750
Harlan,43.907095132039451
Harrison,35.602927139675472
Hart,41.043588927776007
Henderson,74.132993954820236
Henry,24.848870505886094
Hickman,42.284441616290167
Hopkins,75.405663378937334
Jackson,22.589882278078267
Jefferson,95.959274578428250
Jessamine,53.706649697741014
Johnson,46.897868278714604
Kenton,73.814826598790958
Knott,20.935412026726059
Knox,42.252624880687236
Larue,15.176582882596247
Laurel,69.901368119630931
Lawrence,22.303531657651927
Lee,14.126630607699649
Leslie,12.472160356347439
Letcher,29.844097995545660
Lewis,34.807508749602292
Lincoln,22.398981864460708
Livingston,34.552974864778875
Logan,55.424753420299076
Lyon,32.039452752147632
McCracken,89.723194400254542
McCreary,19.821826280623608
McLean,44.352529430480431
Madison,67.578746420617236
Magoffin,40.789055042952590
Marion,33.343938911867646
Marshall,71.587655106586070
Martin,33.630289532293986
Mason,27.457842825326122
Meade,44.288895959274576
Menifee,9.958638243716194
Mercer,35.507476932866687
Metcalfe,20.521794463888003
Monroe,22.335348393254854
Montgomery,38.116449252306708
Morgan,22.621699013681194
Muhlenberg,50.747693286668785
Nelson,54.152083996181986
Nicholas,16.671969455933823
Ohio,52.465797009226854
Oldham,60.101813553929361
Owen,20.426344257079222
Owsley,8.272351256761057
Pendleton,53.070314985682465
Perry,31.594018453706653
Pike,69.201399936366528
Powell,31.466751511294945
Pulaski,69.296850143175320
Robertson,2.258988227807827
Rockcastle,17.690104995227490
Rowan,31.434934775692014
Russell,28.921412663060771
Scott,54.883868915049320
Shelby,63.474387527839646
Simpson,37.798281896277445
Spencer,29.271396754692969
Taylor,39.898186446070632
Todd,54.947502386255167
Trigg,51.002227171492208
Trimble,27.903277123767101
Union,51.829462297168305
Warren,83.009863188036903
Washington,24.276169265033406
Wayne,16.258351893095767
Webster,50.874960229080500
Whitley,55.902004454342979
Wolfe,10.308622335348392
Woodford,37.130130448615972
Acadia,90.518612790327708
Allen,64.047088768692333
Ascension,96.277441934457514
Assumption,86.350620426344264
Avoyelles,79.541839007317847
Beauregard,71.842188991409486
Bienville,33.566656061088132
Bossier,89.914094813872097
Caddo,89.595927457842834
Calcasieu,96.913776646516069
Caldwell,24.944320712694878
Cameron,55.806554247534201
Catahoula,31.784918867324212
Claiborne,35.380209990454979
Concordia,51.861279032771236
De Soto,51.479478205536111
East Baton Rouge,98.886414253897541
East Carroll,38.275532930321347
East Feliciana,62.074451161310847
Evangeline,80.655424753420306
Franklin,67.037861915367486
Grant,33.693923003499840
Iberia,93.573019408208708
Iberville,82.723512567610570
Jackson,28.348711422208083
Jefferson,98.154629335030236
Jefferson Davis,88.450524976137444
Lafayette,97.963728921412667
Lafourche,94.400254533884819
LaSalle,17.944638880050906
Lincoln,68.660515431116764
Livingston,96.850143175310208
Madison,51.415844734330264
Morehouse,55.552020362710785
Natchitoches,61.501749920458160
Orleans,96.977410117721917
Ouachita,85.618835507476931
Plaquemines,82.691695832007639
Pointe Coupee,69.328666878778236
Rapides,83.391664015272042
Red River,27.998727330575885
Richland,67.610563156220167
Sabine,62.710785873369389
St. Bernard,86.605154311167681
St. Charles,90.327712376710139
St. Helena,48.265987909640472
St. James,76.869233216671972
St. John the Baptist,86.573337575564750
St. Landry,91.695832007636014
St. Martin,91.314031180400889
St. Mary,94.718421889914097
St. Tammany,97.804645243398028
Tangipahoa,96.150174992045805
Tensas,30.862233534839323
Terrebonne,96.372892141266306
Union,45.466115176582882
Vermilion,89.850461342666250
Vernon,73.305758829144125
Washington,89.373210308622333
Webster,53.643016226535153
West Baton Rouge,62.233534839325486
West Carroll,32.134902958956410
West Feliciana,38.816417435571111
Winn,22.144447979637288
Androscoggin,67.260579064587972
Aroostook,60.547247852370347
Cumberland,85.109767737830097
Franklin,38.720967228762326
Hancock,69.137766465160681
Kennebec,77.537384664333445
Knox,50.493159401845368
Lincoln,50.779510022271715
Oxford,60.006363347120583
Penobscot,73.369392300349986
Piscataquis,17.626471524021635
Sagadahoc,30.257715558383708
Somerset,67.674196627426028
Waldo,52.624880687241493
Washington,57.683741648106903
York,83.614381164492528
Allegany,42.379891823098944
Anne Arundel,92.013999363665292
Baltimore,95.195672923958000
Calvert,66.910594972955778
Caroline,76.328348711422208
Carroll,62.965319758192805
Cecil,78.300986318803695
Charles,73.210308622335347
Dorchester,75.469296850143181
Frederick,79.319121858097361
Garrett,9.195036589245943
Harford,82.628062360801778
Howard,80.400890868596889
Kent,66.369710467706014
Montgomery,93.891186764237986
Prince George's,94.622971683105320
Queen Anne's,73.178491886732417
St. Mary's,81.959910913140305
Somerset,77.091950365892458
Talbot,76.169265033407569
Washington,69.615017499204583
Wicomico,87.018771874005722
Worcester,86.700604517976458
Baltimore,93.668469615017500
Barnstable,86.318803690741333
Berkshire,59.497295577473750
Bristol,89.532293986636972
Dukes,43.652561247216035
Essex,93.954820235443847
Franklin,52.593063951638563
Hampden,84.027998727330584
Hampshire,63.378937321030861
Middlesex,96.118358256442889
Nantucket,84.632516703786180
Norfolk,92.904867960547250
Plymouth,90.995863824371611
Suffolk,92.713967546929695
Worcester,92.682150811326764
Alcona,2.927139675469297
Alger,0.922685332484887
Allegan,50.556792873051229
Alpena,5.981546293350302
Antrim,5.599745466115177
Arenac,7.445116131084950
Baraga,1.940820871778556
Barry,39.707286032453069
Bay,70.887686923321667
Benzie,2.545338848234171
Berrien,66.846961501749931
Branch,43.748011454024812
Calhoun,72.573973910276806
Cass,35.825644288895958
Charlevoix,3.022589882278078
Cheboygan,6.776964683423481
Chippewa,5.949729557747375
Clare,30.448615972001274
Clinton,64.556156538339167
Crawford,11.167674196627427
Delta,7.826916958320076
Dickinson,8.526885141584474
Eaton,63.951638561883549
Emmet,6.076996500159083
Genesee,89.277760101813556
Gladwin,15.144766146993319
Gogebic,5.440661788100541
Grand Traverse,39.389118676423799
Gratiot,47.597836461979000
Hillsdale,48.997772828507799
Houghton,4.677060133630290
Huron,27.616926503340757
Ingham,82.946229716831056
Ionia,57.715558383709833
Iosco,14.031180400890870
Iron,4.422526248806872
Isabella,58.351893095768368
Jackson,73.942093541202667
Kalamazoo,80.559974546611514
Kalkaska,8.749602290804964
Kent,88.673242125357945
Keweenaw,0.095450206808781
Lake,3.563474387527839
Lapeer,66.719694559338222
Leelanau,3.881641743557111
Lenawee,64.747056951956722
Livingston,78.428253261215403
Luce,0.477251034043907
Mackinac,1.336302895322940
Macomb,94.750238625517028
Manistee,3.468024180719058
Marquette,38.020999045497931
Mason,9.163219853643016
Mecosta,33.407572383073500
Menominee,7.636016544702513
Midland,64.906140629971361
Missaukee,10.181355392936684
Monroe,72.733057588291445
Montcalm,63.347120585427930
Montmorency,4.040725421571747
Muskegon,60.515431116767417
Newaygo,28.507795100222715
Oakland,96.086541520839958
Oceana,13.585746102449889
Ogemaw,19.249125039770920
Ontonagon,0.731784918867324
Osceola,16.417435571110403
Oscoda,9.131403118040089
Otsego,18.421889914094812
Ottawa,78.269169583200764
Presque Isle,2.831689468660515
Roscommon,20.903595291123132
Saginaw,79.032771237671014
St. Clair,71.142220808145083
St. Joseph,48.806872414890236
Sanilac,40.248170537702833
Schoolcraft,0.636334712058543
Shiawassee,67.706013363028944
Tuscola,50.174992045816104
Van Buren,52.561247216035632
Washtenaw,84.823417117403750
Wayne,96.691059497295569
Wexford,9.322303531657653
Aitkin,10.690423162583519
Anoka,89.977728285077944
Becker,33.503022589882278
Beltrami,36.302895322939868
Benton,55.297486477887368
Big Stone,7.158765510658606
Blue Earth,68.055997454661153
Brown,56.029271396754702
Carlton,28.666878778237354
Carver,74.642061724467069
Cass,22.780782691695833
Chippewa,27.489659560929049
Chisago,62.392618517340125
Clay,58.670060451797646
Clearwater,11.104040725421571
Cook,1.813553929366847
Cottonwood,44.925230671333125
Crow Wing,41.107222398981861
Dakota,92.618517340120903
Dodge,30.194082087177854
Douglas,31.912185809735920
Faribault,40.407254215717472
Fillmore,45.657015590200444
Freeborn,60.706331530384986
Goodhue,61.374482978046451
Grant,7.986000636334713
Hennepin,95.577473751193125
Houston,34.362074451161313
Hubbard,17.244670696786510
Isanti,44.097995545657014
Itasca,16.767419662742604
Jackson,32.643970728603243
Kanabec,19.440025453388483
Kandiyohi,55.329303213490299
Kittson,21.094495704740694
Koochiching,0.668151447661470
Lac qui Parle,14.794782055361120
Lake,2.004454342984410
Lake of the Woods,2.418071905822463
Le Sueur,32.516703786191535
Lincoln,12.313076678332804
Lyon,41.679923639834556
McLeod,46.675151129494111
Mahnomen,6.904231625835189
Marshall,43.620744511613111
Martin,54.629335030225903
Meeker,45.243398027362389
Mille Lacs,19.567292395800191
Morrison,49.315940184537070
Mower,64.269805917912819
Murray,30.798600063633469
Nicollet,52.115812917594653
Nobles,64.651606745147944
Norman,25.867006045179764
Olmsted,80.432707604199805
Otter Tail,63.188036907413306
Pennington,25.071587655106587
Pine,37.193763919821826
Pipestone,32.421253579382750
Polk,60.260897231944000
Pope,14.444797963728922
Ramsey,92.109449570474069
Red Lake,3.945275214762965
Redwood,33.439389118676424
Renville,47.852370346802417
Rice,71.492204899777278
Rock,29.335030225898823
Roseau,61.597200127266937
St. Louis,66.528794145720653
Scott,83.041679923639833
Sherburne,64.492523067133305
Sibley,35.030225898822778
Stearns,81.100859051861278
Steele,71.205854279350945
Stevens,14.667515112949411
Swift,18.994591154947500
Todd,27.330575882914417
Traverse,13.108495068405981
Wabasha,49.029589564110722
Wadena,16.194718421889913
Waseca,34.107540566337896
Washington,86.764237989182320
Watonwan,36.589245943366208
Wilkin,16.799236398345528
Winona,60.324530703149861
Wright,79.923639834552972
Yellow Medicine,24.657970092268535
Adams,54.374801145402486
Alcorn,69.965001590836778
Amite,53.165765192491257
Attala,46.070633153038500
Benton,16.862869869551382
Bolivar,74.514794782055361
Calhoun,36.716512885777917
Carroll,16.067451479478205
Chickasaw,50.143175310213174
Choctaw,18.962774419344576
Claiborne,41.202672605790646
Clarke,50.652243079860007
Clay,44.066178810054090
Coahoma,67.451479478205528
Copiah,63.092586700604514
Covington,62.519885459751833
DeSoto,90.836780146356986
Forrest,86.541520839961819
Franklin,24.721603563474385
George,87.050588609608653
Greene,59.720012726694236
Grenada,53.324848870505882
Hancock,88.068724148902319
Harrison,97.200127266942417
Hinds,92.554883868915056
Holmes,61.215399300031812
Humphreys,32.389436843779826
Issaquena,33.312122176264715
Itawamba,32.071269487750556
Jackson,95.991091314031181
Jasper,48.775055679287306
Jefferson,12.758510976773781
Jefferson Davis,29.939548202354437
Jones,87.146038816417430
Kemper,24.880687241489024
Lafayette,67.101495386573333
Lamar,77.314667515112944
Lauderdale,85.682468978682792
Lawrence,46.293350302258993
Leake,60.069996818326445
Lee,79.000954502068083
Leflore,74.960229080496347
Lincoln,57.874642061724465
Lowndes,77.632834871142222
Madison,83.105313394845695
Marion,82.309895004772514
Marshall,72.542157174673889
Monroe,63.060769965001597
Montgomery,22.271714922049000
Neshoba,70.601336302895319
Newton,57.747375119312764
Noxubee,39.357301940820868
Oktibbeha,70.251352211263125
Panola,66.751511294941139
Pearl River,90.009545020680875
Perry,49.188673242125361
Pike,77.219217308304167
Pontotoc,58.860960865415215
Prentiss,47.247852370346806
Quitman,31.084950684059816
Rankin,85.396118358256444
Scott,71.651288577791917
Sharkey,29.048679605472476
Simpson,54.756601972637611
Smith,55.488386891504923
Stone,82.532612153993000
Sunflower,67.833280305440653
Tallahatchie,45.211581291759465
Tate,62.265351574928410
Tippah,55.011135857461028
Tishomingo,35.412026726057903
Tunica,64.524339802736236
Union,45.338848234171174
Walthall,48.934139357301945
Warren,76.519249125039764
Washington,84.218899140948139
Wayne,69.042316258351889
Webster,18.390073178491885
Wilkinson,34.266624244352528
Winston,51.765828825962458
Yalobusha,23.448934139357302
Yazoo,71.714922048997778
Adair,51.543111676741972
Andrew,49.793191218580972
Atchison,30.225898822780785
Audrain,43.493477569201403
Barry,77.951002227171500
Barton,53.133948456888326
Bates,43.111676741966278
Benton,56.379255488386889
Bollinger,52.783964365256118
Boone,86.827871460388167
Buchanan,69.392300349984097
Butler,86.986955138402806
Caldwell,9.067769646834236
Callaway,60.674514794782056
Camden,72.383073496659250
Cape Girardeau,87.336939230035000
Carroll,42.411708558701875
Carter,39.166401527203313
Cass,76.232898504613416
Cedar,32.675787464206174
Chariton,21.571746738784601
Christian,72.064906140629972
Clark,24.244352529430479
Clay,86.891504931594028
Clinton,56.220171810372257
Cole,74.610244988864139
Cooper,45.116131084950680
Crawford,54.565701559020042
Dade,29.907731466751514
Dallas,51.670378619153681
Daviess,30.766783328030545
DeKalb,31.307667833280306
Dent,46.166083359847285
Douglas,26.598790964047087
Dunklin,83.518930957683750
Franklin,81.641743557111042
Gasconade,21.476296531975819
Gentry,33.216671969455938
Greene,91.409481387209667
Grundy,39.198218262806236
Harrison,27.235125676105632
Henry,41.234489341393569
Hickory,26.089723194400253
Holt,23.417117403754375
Howard,28.412344893413938
Howell,81.769010499522750
Iron,51.893095768374167
Jackson,95.609290486796056
Jasper,84.696150174992042
Jefferson,87.209672287623292
Johnson,50.524976137448299
Knox,15.653833916640153
Laclede,69.169583200763611
Lafayette,46.834234807508750
Lawrence,74.801145402481708
Lewis,23.480750874960229
Lincoln,73.114858415526555
Linn,34.171174037543750
Livingston,42.602608972319437
McDonald,77.473751193127583
Macon,43.048043270760424
Madison,53.197581928094174
Maries,29.557747375119312
Marion,41.934457524657972
Mercer,13.076678332803054
Miller,60.801781737193764
Mississippi,78.173719376391986
Moniteau,42.125357938275535
Monroe,20.553611199490931
Montgomery,23.639834552974865
Morgan,57.238307349665931
New Madrid,82.882596245625194
Newton,81.800827235125666
Nodaway,57.365574292077639
Oregon,51.988545975182944
Osage,29.494113903913462
Ozark,38.402799872733056
Pemiscot,80.623608017817375
Perry,59.910913140311806
Pettis,70.728603245307028
Phelps,55.583837098313715
Pike,41.170855870187715
Platte,74.482978046452430
Polk,63.824371619471840
Pulaski,71.237671014953861
Putnam,16.162901686286986
Ralls,12.663060769965002
Randolph,45.752465797009229
Ray,30.066815144766146
Reynolds,37.830098631880368
Ripley,54.183900731784917
St. Charles,93.000318167356028
St. Clair,12.853961183582566
Ste. Genevieve,47.311485841552660
St. Francois,79.255488386891500
St. Louis,98.536430162265347
Saline,46.484250715876549
Schuyler,7.699650015908367
Scotland,21.508113267578747
Scott,87.814190264078903
Shannon,34.012090359529111
Shelby,20.012726694241170
Stoddard,80.464524339802736
Stone,58.129175946547882
Sullivan,18.549156856506521
Taney,74.323894368437792
Texas,59.656379255488389
Vernon,36.652879414572062
Warren,64.874323894368430
Washington,55.138402799872729
Wayne,65.001590836780139
Webster,66.274260260897236
Worth,4.517976455615655
Wright,52.306713331212215
St. Louis,95.354756601972639
Beaverhead,17.881005408845052
Big Horn,30.353165765192493
Blaine,15.812917594654788
Broadwater,5.472478523703468
Carbon,25.103404390709510
Carter,2.322621699013681
Cascade,55.774737511931271
Chouteau,6.045179764556156
Custer,35.889277760101812
Daniels,2.799872733057589
Dawson,14.508431434934776
Deer Lodge,8.654152083996182
Fallon,3.436207445116131
Fergus,9.767737830098632
Flathead,83.900731784918875
Gallatin,69.774101177219222
Garfield,2.195354756601973
Glacier,17.085587018771875
Golden Valley,0.540884505249761
Granite,10.149538657333759
Hill,14.762965319758193
Jefferson,12.153993000318167
Judith Basin,0.954502068087814
Lake,68.215081132675792
Lewis and Clark,51.161310849506833
Liberty,2.131721285396118
Lincoln,36.493795736557431
McCone,3.690741329939548
Madison,17.721921730830417
Meagher,0.859051861279033
Mineral,8.908685968819599
Missoula,78.014635698377347
Musselshell,14.826598790964047
Park,23.735284759783646
Petroleum,0.254533884823417
Phillips,9.863188036907413
Pondera,6.490614062997137
Powder River,5.313394845688832
Powell,12.122176264715240
Prairie,1.590836780146357
Ravalli,88.259624562519889
Richland,20.839961819917278
Roosevelt,48.170537702831687
Rosebud,6.999681832643971
Sanders,17.403754374801146
Sheridan,8.145084314349347
Silver Bow,54.788418708240542
Stillwater,15.272033089405026
Sweet Grass,11.358574610244988
Teton,6.554247534202990
Toole,4.390709513203945
Treasure,1.622653515749284
Valley,35.284759783646194
Wheatland,4.454342984409799
Wibaux,1.845370664969774
Yellowstone,59.115494750238625
Adams,77.028316894686611
Antelope,22.685332484887049
Arthur,1.018135539293668
Banner,1.972637607381483
Blaine,0.413617562838053
Boone,28.125994272987594
Box Butte,20.362710785873368
Boyd,5.408845052497614
Brown,8.208717785555201
Buffalo,79.446388800509069
Burt,32.771237671014951
Butler,38.561883550747694
Cass,41.998090995863826
Cedar,32.898504613426660
Chase,42.666242443525292
Cherry,14.253897550111358
Cheyenne,34.839325485205222
Clay,64.142538975501111
Colfax,46.961501749920458
Cuming,36.907413299395479
Custer,29.748647788736875
Dakota,56.983773464842500
Dawes,10.626789691377665
Dawson,78.810054088450528
Deuel,5.122494432071269
Dixon,27.648743238943684
Dodge,79.478205536111986
Douglas,95.672923958001917
Dundy,12.567610563156220
Fillmore,53.929366846961500
Franklin,35.698377346484250
Frontier,19.217308304167993
Furnas,59.179128221444479
Gage,56.729239580019083
Garden,7.604199809099586
Garfield,1.877187400572701
Gosper,26.471524021635378
Grant,1.272669424117086
Greeley,26.948775055679285
Hall,84.282532612154000
Hamilton,60.865415208399618
Harlan,50.938593700286347
Hayes,4.899777282850780
Hitchcock,8.972319440025453
Holt,23.194400254533885
Hooker,0.795418390073178
Howard,52.147629653197583
Jefferson,28.825962456251990
Johnson,13.649379573655743
Kearney,58.701877187400576
Keith,20.808145084314351
Keya Paha,0.604517976455616
Kimball,10.913140311804009
Knox,35.857461024498889
Lancaster,92.809417753738472
Lincoln,59.529112313076681
Logan,1.209035952911231
Loup,0.699968183264397
McPherson,0.127266942411709
Madison,67.165128857779195
Merrick,59.306395163856187
Morrill,28.794145720649063
Nance,37.161947184218896
Nemaha,24.467069678650972
Nuckolls,37.861915367483299
Otoe,40.948138720967229
Pawnee,11.199490932230354
Perkins,20.489977728285076
Phelps,64.715240216353791
Pierce,19.599109131403118
Platte,75.246579700922695
Polk,59.751829462297167
Red Willow,39.134584791600382
Richardson,21.762647152402163
Rock,3.181673560292714
Saline,70.919503658924597
Sarpy,88.164174355711097
Saunders,50.111358574610243
Scotts Bluff,59.974546611517653
Seward,58.097359210944951
Sheridan,20.617244670696785
Sherman,27.426026089723194
Sioux,6.331530384982501
Stanton,16.958320076360163
Thayer,59.942729875914736
Thomas,0.318167356029271
Thurston,40.279987273305757
Valley,26.185173401209038
Washington,54.247534202990778
Wayne,26.757874642061726
Webster,59.051861279032771
Wheeler,1.368119630925867
York,68.915049315940180
Churchill,73.401209035952903
Clark,99.300031816735597
Douglas,87.273305758829139
Elko,92.841234489341389
Esmeralda,32.612153993000319
Eureka,50.206808781419021
Humboldt,82.978046452433986
Lander,60.738148265987910
Lincoln,53.452115812917597
Lyon,87.846006999681833
Mineral,31.657651924912507
Nye,78.905504295259306
Pershing,55.742920776328354
Storey,58.638243716194715
Washoe,98.631880369074139
White Pine,17.308304167992365
Carson City,90.550429525930639
Belknap,47.088768692332167
Carroll,59.338211899459111
Cheshire,60.292713967546931
Coos,41.457206490614062
Grafton,66.401527203308945
Hillsborough,88.577791918549153
Merrimack,74.387527839643653
Rockingham,83.964365256124722
Strafford,62.678969137766458
Sullivan,31.816735602927139
Atlantic,96.945593382119000
Bergen,98.695513840279986
Burlington,92.968501431753097
Camden,91.186764237989181
Cape May,95.004772510340445
Cumberland,91.823098950047722
Essex,92.745784282532611
Gloucester,84.727966910594972
Hudson,95.386573337575570
Hunterdon,79.382755329303208
Mercer,93.032134902958958
Middlesex,95.863824371619472
Monmouth,96.436525612472153
Morris,90.709513203945278
Ocean,97.231944002545333
Passaic,89.659560929048681
Salem,80.082723512567611
Somerset,93.413935730194083
Sussex,70.187718740057264
Union,92.427616926503347
Warren,75.310213172128542
Bernalillo,89.468660515431125
Catron,31.944002545338851
Chaves,56.124721603563479
Cibola,25.898822780782695
Colfax,66.815144766147000
Curry,65.606108813235764
De Baca,2.354438434616609
Do√±a Ana,87.623289850461333
Eddy,48.488705058860958
Grant,61.183582564428882
Guadalupe,2.768055997454661
Harding,0.222717149220490
Hidalgo,14.412981228125995
Lea,87.655106586064264
Lincoln,79.223671651288569
Los Alamos,11.485841552656698
Luna,57.206490614063000
McKinley,53.770283168946861
Mora,29.207763283487115
Otero,85.841552656697417
Quay,9.545020680878141
Rio Arriba,63.315303849825014
Roosevelt,84.473433025771556
Sandoval,78.937321030862222
San Juan,69.805917912822153
San Miguel,55.965637925548840
Santa Fe,81.196309258670070
Sierra,18.644607063315306
Socorro,55.615653833916646
Taos,55.456570155902007
Torrance,30.544066178810052
Union,5.567928730512250
Valencia,73.623926185173403
Albany,75.501113585746111
Allegany,36.525612472160354
Bronx,96.309258670060444
Broome,83.296213808463250
Cattaraugus,63.697104677060132
Cayuga,30.830416799236399
Chautauqua,63.760738148265986
Chemung,48.584155265669743
Chenango,70.633153038498250
Clinton,43.970728603245306
Columbia,61.692650334075729
Cortland,38.880050906776965
Delaware,82.755329303213486
Dutchess,76.932866687877819
Erie,85.364301622653514
Essex,50.811326757874639
Franklin,24.562519885459754
Fulton,26.535157492841233
Genesee,20.967228762328986
Greene,57.524657970092264
Hamilton,3.213490295895642
Herkimer,34.743875278396438
Jefferson,40.820871778555521
Kings,98.122812599427306
Lewis,7.667833280305440
Livingston,35.539293668469611
Madison,34.043907095132042
Monroe,74.164810690423167
Montgomery,32.866687877823736
Nassau,96.659242761692653
New York,96.181991727648736
Niagara,45.975182946229715
Oneida,72.033089405027042
Onondaga,76.614699331848556
Ontario,46.229716831053139
Orange,85.205217944638875
Orleans,7.922367165128858
Oswego,28.730512249443208
Otsego,49.475023862551701
Putnam,50.843143493477569
Queens,97.391027680559972
Rensselaer,68.437798281896278
Richmond,91.218580973592111
Rockland,84.982500795418389
St. Lawrence,44.638880050906778
Saratoga,68.724148902322625
Schenectady,53.961183582564431
Schoharie,41.552656697422847
Schuyler,11.740375437480115
Seneca,13.363028953229399
Steuben,64.428889595927458
Suffolk,97.136493795736556
Sullivan,81.005408845052500
Tioga,74.101177219217305
Tompkins,47.375119312758514
Ulster,82.182628062360791
Warren,40.979955456570153
Washington,37.925548838689153
Wayne,30.989500477251035
Westchester,94.304804327076042
Wyoming,24.594336621062681
Yates,23.035316576519250
Alamance,74.451161310849514
Alexander,34.902958956411076
Alleghany,8.049634107540566
Anson,64.174355711104042
Ashe,26.026089723194403
Avery,46.643334393891188
Beaufort,94.495704740693611
Bertie,82.437161947184222
Bladen,90.900413617562833
Brunswick,97.041043588927778
Buncombe,81.482659879096403
Burke,64.587973273942083
Cabarrus,80.114540248170542
Caldwell,60.769965001590840
Camden,48.965956092904868
Carteret,97.104677060133625
Caswell,25.007954183900733
Catawba,77.728285077951000
Chatham,62.774419344575250
Cherokee,36.461979000954500
Chowan,67.483296213808458
Clay,7.572383073496660
Cleveland,70.569519567292389
Columbus,91.123130766783333
Craven,96.404708876869236
Cumberland,92.523067133312125
Currituck,63.410754056633792
Dare,95.482023544384347
Davidson,75.914731148584153
Davie,36.971046770601333
Duplin,93.382118994591153
Durham,86.732421253579389
Edgecombe,81.132675787464208
Forsyth,81.291759465478847
Franklin,60.133630289532292
Gaston,81.546293350302250
Gates,30.034998409163222
Graham,8.813235762010818
Granville,62.933503022589889
Greene,79.732739420935417
Guilford,86.223353483932556
Halifax,78.841870824053444
Harnett,86.668787782373528
Haywood,61.883550747693285
Henderson,70.696786509704097
Hertford,80.687241489023236
Hoke,65.510658606426986
Hyde,82.596245625198847
Iredell,76.137448297804639
Jackson,47.470569519567292
Johnston,86.859688195991097
Jones,79.987273305758833
Lee,73.019408208717778
Lenoir,91.791282214444806
Lincoln,64.937957365574292
McDowell,55.265669742284437
Macon,44.511613108495069
Madison,34.584791600381806
Martin,81.832643970728597
Mecklenburg,91.854915685650653
Mitchell,10.754056633789373
Montgomery,51.447661469933180
Moore,80.719058224626153
Nash,86.286986955138403
New Hanover,98.504613426662431
Northampton,53.102131721285396
Onslow,97.931912185809736
Orange,72.955774737511931
Pamlico,84.791600381800819
Pasquotank,83.646197900095459
Pender,94.018453706649694
Perquimans,62.615335666560611
Person,34.202990773146674
Pitt,94.241170855870195
Polk,19.312758510976774
Randolph,75.851097677378306
Richmond,75.278396436525611
Robeson,94.368437798281903
Rockingham,56.601972637607375
Rowan,72.923958001909000
Rutherford,59.370028635062042
Sampson,93.986636971046764
Scotland,75.564747056951958
Stanly,56.888323258033722
Stokes,16.544702513522115
Surry,47.279669105949729
Swain,25.707922367165132
Transylvania,41.775373846643333
Tyrrell,74.292077632834875
Union,86.064269805917917
Vance,54.406617881005403
Wake,93.636652879414569
Warren,53.897550111358569
Washington,83.868915049315945
Watauga,57.620108176901056
Wayne,94.432071269487750
Wilkes,55.233853006681514
Wilson,85.046134266624236
Yadkin,24.403436207445118
Yancey,14.699331848552339
Adams,7.254215717467388
Barnes,46.929685014317528
Benson,20.139993636652878
Billings,3.913458479160038
Bottineau,34.139357301940819
Bowman,9.004136175628380
Burke,3.118040089086860
Burleigh,77.664651606745153
Cass,90.868596881959903
Cavalier,27.044225262488069
Dickey,24.085268851415844
Divide,19.662742602608972
Dunn,30.894050270442253
Eddy,9.799554565701559
Emmons,62.042634425707924
Foster,18.230989500477250
Golden Valley,5.281578110085904
Grand Forks,82.914412981228125
Grant,12.503977091950366
Griggs,15.590200445434299
Hettinger,31.625835189309576
Kidder,13.776646516067451
LaMoure,26.153356665606108
Logan,14.603881641743557
McHenry,52.943048043270757
McIntosh,15.303849825007953
McKenzie,51.924912503977097
McLean,54.215717467387847
Mercer,34.712058542793514
Morton,70.060451797645555
Mountrail,37.289214126630611
Nelson,15.431116767419661
Oliver,7.381482659879096
Pembina,46.611517658288257
Pierce,12.822144447979635
Ramsey,48.329621380846326
Ransom,20.649061406299712
Renville,7.126948775055679
Richland,76.901049952274889
Rolette,62.488068724148903
Sargent,19.535475660197264
Sheridan,21.921730830416799
Sioux,29.144129812281260
Slope,1.049952274896595
Stark,58.829144129812285
Steele,15.685650652243080
Stutsman,65.733375755647472
Towner,2.990773146675151
Traill,46.356983773464847
Walsh,63.028953229398667
Ward,75.628380528157805
Wells,10.276805599745465
Williams,71.778555520203625
Adams,54.342984409799556
Allen,50.588609608654153
Ashland,43.716194718421889
Ashtabula,61.279032771237674
Athens,42.698059179128222
Auglaize,23.226216990136813
Belmont,62.551702195354750
Brown,49.761374482978049
Butler,87.973273942093542
Carroll,9.449570474069361
Champaign,25.739739102768056
Clark,59.465478841870819
Clermont,66.974228444161639
Clinton,38.243716194718424
Columbiana,55.679287305122493
Coshocton,33.662106267896910
Crawford,23.576201081769010
Cuyahoga,91.250397709195042
Darke,58.288259624562521
Defiance,36.111994909322306
Delaware,71.110404072542153
Erie,61.406299713649382
Fairfield,53.579382755329306
Fayette,24.689786827871458
Franklin,92.459433662106278
Fulton,40.629971364937958
Gallia,17.658288259624562
Geauga,25.453388482341708
Greene,64.206172446706972
Guernsey,29.430480432707608
Hamilton,93.445752465797000
Hancock,71.046770601336306
Hardin,14.317531021317212
Harrison,5.186127903277124
Henry,18.326439707286031
Highland,34.871142220808146
Hocking,26.980591791282215
Holmes,49.252306713331215
Huron,45.084314349347757
Jackson,25.198854597518295
Jefferson,48.870505886096090
Knox,40.884505249761375
Lake,56.442888959592743
Lawrence,48.106904231625833
Licking,64.778873687559653
Logan,38.148265987909639
Lorain,73.433025771555833
Lucas,84.059815462933500
Madison,22.812599427298760
Mahoning,73.878460069996819
Marion,41.648106904231625
Medina,61.151765828825965
Meigs,28.698695513840278
Mercer,57.651924912503979
Miami,54.597518294622972
Monroe,18.008272351256760
Montgomery,86.096086541520847
Morgan,8.431434934775691
Morrow,19.090041361756281
Muskingum,44.702513522112632
Noble,19.980909958638243
Ottawa,45.688832325803375
Paulding,22.494432071269486
Perry,14.858415526566974
Pickaway,35.316576519249125
Pike,29.366846961501754
Portage,52.752147629653201
Preble,40.598154629335035
Putnam,22.526248806872413
Richland,60.388164174355708
Ross,48.043270760419979
Sandusky,48.838689150493160
Scioto,57.111040407254222
Seneca,36.271078587336945
Shelby,40.916321985364299
Stark,82.118994591154944
Summit,85.523385300668153
Trumbull,81.419026407890556
Tuscarawas,35.125676105631563
Union,29.112313076678330
Van Wert,19.790009545020681
Vinton,7.031498568246898
Warren,67.196945593382111
Washington,49.825007954183903
Wayne,55.202036271078590
Williams,39.484568883232576
Wood,63.665287941457208
Wyandot,19.503658924594337
Adair,66.242443525294306
Alfalfa,23.703468024180719
Atoka,40.311804008908688
Beaver,27.012408526885139
Beckham,70.283168946866041
Blaine,39.007317849188674
Bryan,79.414572064906139
Caddo,65.192491250397708
Canadian,87.782373528475972
Carter,78.746420617244667
Cherokee,82.087177855552014
Choctaw,48.138720967228757
Cimarron,18.167356029271396
Cleveland,90.486796054724778
Coal,25.644288895959271
Comanche,88.482341711740375
Cotton,17.562838052815781
Craig,56.697422844416167
Creek,83.741648106904236
Custer,72.796691059497292
Delaware,75.787464206172444
Dewey,11.963092586700604
Ellis,14.572064906140630
Garfield,77.155583837098320
Garvin,68.024180719058222
Grady,78.078269169583209
Grant,11.549475023862552
Greer,19.058224626153354
Harmon,14.953865733375757
Harper,14.476614699331849
Haskell,54.470251352211264
Hughes,56.506522430798597
Jackson,62.201718103722555
Jefferson,22.239898186446069
Johnston,30.703149856824691
Kay,78.555520203627111
Kingfisher,63.569837734648424
Kiowa,34.680241807190583
Latimer,47.406936048361437
Le Flore,81.228125994272986
Lincoln,66.624244352529431
Logan,75.755647470569514
Love,42.634425707922368
McClain,76.073814826598792
McCurtain,58.924594336621062
McIntosh,63.983455297486479
Major,22.017181037225580
Marshall,48.711422208081451
Mayes,75.532930321349028
Murray,36.843779828189625
Muskogee,83.168946866051542
Noble,24.021635380209990
Nowata,44.161629016862868
Okfuskee,41.743557111040410
Oklahoma,97.263760738148264
Okmulgee,74.578428253261222
Osage,73.751193127585111
Ottawa,77.823735284759792
Pawnee,42.984409799554570
Payne,77.919185491568570
Pittsburg,74.864778873687555
Pontotoc,76.964683423480750
Pottawatomie,85.905186127903278
Pushmataha,43.175310213172132
Roger Mills,16.449252306713330
Rogers,80.528157811008597
Seminole,68.883232580337264
Sequoyah,77.060133630289528
Stephens,72.001272669424125
Texas,66.019726376073820
Tillman,21.221762647152403
Tulsa,96.627426026089722
Wagoner,77.569201399936375
Washington,75.819280941775375
Washita,22.462615335666563
Woods,13.617562838052816
Woodward,43.302577155583840
Baker,49.284123448934139
Benton,91.345847916003819
Clackamas,96.341075405663375
Clatsop,92.363983455297486
Columbia,84.155265669742292
Coos,95.036589245943375
Crook,46.197900095450208
Curry,88.323258033725736
Deschutes,79.891823098950042
Douglas,92.873051224944319
Gilliam,9.735921094495705
Grant,28.157811008590517
Harney,22.653515749284121
Hood River,60.579064587973278
Jackson,93.159401845370667
Jefferson,49.634107540566333
Josephine,88.100540884505250
Klamath,86.955138402799875
Lake,41.298122812599424
Lane,96.786509704104361
Lincoln,92.045816099268222
Linn,91.886732421253583
Malheur,48.393254852052181
Marion,96.754692968501431
Morrow,44.257079223671653
Multnomah,98.600063633471208
Polk,86.000636334712055
Sherman,16.703786191536750
Tillamook,86.509704104358903
Umatilla,76.551065860642694
Union,31.339484568883229
Wallowa,37.989182309895000
Wasco,81.609926821508111
Washington,97.454661151765833
Wheeler,33.534839325485208
Yamhill,89.818644607063320
Adams,61.247216035634743
Allegheny,78.460069996818333
Armstrong,16.512885777919188
Beaver,57.397391027680555
Bedford,30.671333121221760
Berks,88.514158447343306
Blair,52.433980273623924
Bradford,71.524021635380208
Bucks,92.236716512885778
Butler,52.020362710785875
Cambria,52.211263124403438
Cameron,1.240852688514158
Carbon,43.207126948775056
Centre,36.557429207763278
Chester,91.982182628062361
Clarion,15.940184537066497
Clearfield,38.625517021953549
Clinton,20.171810372255809
Columbia,36.366528794145722
Crawford,71.683105313394847
Cumberland,74.037543748011458
Dauphin,89.309576837416486
Delaware,92.268533248488708
Elk,11.644925230671333
Erie,67.960547247852361
Fayette,56.792873051224944
Forest,1.399936366528794
Franklin,70.028635062042639
Fulton,8.304167992363984
Greene,31.053133948456889
Huntingdon,24.339802736239260
Indiana,35.062042634425708
Jefferson,40.693604836143813
Juniata,20.108176901049951
Lackawanna,77.187400572701236
Lancaster,89.405027044225264
Lawrence,28.030544066178809
Lebanon,72.637607381482667
Lehigh,83.137130130448611
Luzerne,86.032453070314986
Lycoming,65.797009226853319
McKean,36.621062678969132
Mercer,37.957365574292076
Mifflin,35.189309576837417
Monroe,80.878141902640792
Montgomery,94.082087177855556
Montour,5.886096086541521
Northampton,81.450843143493472
Northumberland,51.574928412344889
Perry,31.148584155265667
Philadelphia,98.186446070633153
Pike,37.384664333439389
Potter,4.199809099586382
Schuylkill,62.360801781737194
Snyder,33.598472796691055
Somerset,39.580019090041361
Sullivan,4.931594018453707
Susquehanna,57.588291441298125
Tioga,21.349029589564111
Union,33.375755647470569
Venango,48.202354438434618
Warren,30.003181673560292
Washington,44.797963728921417
Wayne,53.261215399300035
Westmoreland,69.583200763601653
Wyoming,38.848234171174042
York,83.996181991727653
Bristol,41.075405663378938
Kent,74.673878460070000
Newport,59.879096404708875
Providence,89.691377664651611
Washington,75.023862551702194
Abbeville,38.689150493159403
Aiken,83.709831371301306
Allendale,64.969774101177222
Anderson,78.141902640789056
Bamberg,62.456251988545972
Barnwell,59.210944957047410
Beaufort,98.345529748647792
Berkeley,97.995545657015597
Calhoun,41.393573019408208
Charleston,99.459115494750236
Cherokee,66.051543111676750
Chester,48.425071587655104
Chesterfield,79.955456570155903
Clarendon,85.427935093859375
Colleton,88.895959274578431
Darlington,77.601018135539292
Dillon,90.264078905504292
Dorchester,97.295577473751194
Edgefield,26.630607699650017
Fairfield,37.416481069042320
Florence,93.095768374164805
Georgetown,95.259306395163861
Greenville,88.864142538975500
Greenwood,72.192173083041681
Hampton,77.282850779510028
Horry,98.981864460706333
Jasper,89.055042952593070
Kershaw,71.874005727012417
Lancaster,72.605790645879736
Laurens,64.237989182309889
Lee,57.906458797327396
Lexington,92.077632834871139
McCormick,8.685968819599109
Marion,85.968819599109139
Marlboro,65.637925548838695
Newberry,64.110722239898195
Oconee,65.892459433662111
Orangeburg,91.759465478841875
Pickens,59.083678014635701
Richland,93.350302258988222
Saluda,40.216353802099903
Spartanburg,84.187082405345208
Sumter,87.464206172446708
Union,52.911231307667840
Williamsburg,87.305122494432069
York,88.800509067769653
Aurora,17.435571110404073
Beadle,52.497613744829785
Bennett,11.231307667833281
Bon Homme,17.117403754374802
Brookings,76.296531975819278
Brown,79.128221444479792
Brule,21.539930003181674
Buffalo,15.844734330257715
Butte,47.884187082405347
Campbell,13.458479160038181
Charles Mix,46.516067451479479
Clark,27.203308940502701
Clay,54.024817053770278
Codington,71.619471842188986
Corson,20.871778555520205
Custer,58.479160038180076
Davison,63.633471205854278
Day,38.052815781100854
Deuel,23.098950047725104
Dewey,31.244034362074451
Douglas,31.880369074132993
Edmunds,23.162583518930958
Fall River,35.666560610881326
Faulk,13.235762010817689
Grant,41.329939548202354
Gregory,17.021953547566021
Haakon,5.758829144129813
Hamlin,33.948456888323257
Hand,11.454024817053771
Hanson,12.790327712376708
Harding,3.754374801145403
Hughes,47.120585427935097
Hutchinson,65.160674514794778
Hyde,6.458797327394210
Jackson,13.681196309258670
Jerauld,11.294941139039134
Jones,5.027044225262488
Kingsbury,33.725739739102764
Lake,53.802099904549792
Lawrence,62.901686286986958
Lincoln,83.423480750874958
Lyman,10.244988864142538
McCook,69.105949729557750
McPherson,13.522112631244035
Marshall,39.516385618835507
Meade,71.333121221762653
Mellette,12.344893413935729
Miner,18.135539293668472
Minnehaha,92.586700604517986
Moody,53.293032134902965
Oglala Lakota,57.047406936048361
Pennington,85.459751829462292
Perkins,11.835825644288896
Potter,12.917594654788420
Roberts,52.815781100859049
Sanborn,19.376391982182628
Spink,50.715876551065861
Stanley,5.536111994909322
Sully,14.349347756920139
Todd,44.575246579700924
Tripp,23.067133312122177
Turner,69.551384027998736
Union,50.015908367801465
Walworth,27.680559974546608
Yankton,66.656061088132361
Ziebach,14.922048997772830
Anderson,57.556474705695194
Bedford,62.838052815781097
Benton,37.034680241807187
Bledsoe,17.976455615653833
Blount,67.006045179764556
Bradley,77.410117721921736
Campbell,49.602290804963410
Cannon,18.835507476932868
Carroll,71.746738784600709
Carter,51.511294941139042
Cheatham,46.738784600699965
Chester,50.970410435889278
Claiborne,38.307349665924278
Clay,10.467706013363030
Cocke,28.603245307031500
Coffee,65.860642698059181
Crockett,55.870187718740063
Cumberland,57.938275532930319
Davidson,96.500159083678014
Decatur,33.789373210308618
DeKalb,32.293986636971042
Dickson,64.842507158765500
Dyer,86.796054724785236
Fayette,74.832962138084639
Fentress,16.131084950684059
Franklin,55.520203627107854
Gibson,86.382437161947180
Giles,56.315622017181035
Grainger,15.017499204581611
Greene,42.888959592745785
Grundy,26.916958320076361
Hamblen,39.643652561247215
Hamilton,92.395800190900417
Hancock,5.345211581291760
Hardeman,63.728921412663063
Hardin,52.402163538020993
Hawkins,27.871460388164177
Haywood,66.210626789691375
Henderson,64.015272033089417
Henry,69.678650970410445
Hickman,47.566019726376076
Houston,24.053452115812917
Humphreys,43.525294304804326
Jackson,16.990136811963090
Jefferson,36.748329621380847
Johnson,9.513203945275214
Knox,89.436843779828195
Lake,57.142857142857139
Lauderdale,73.719376391982181
Lawrence,71.014953865733375
Lewis,25.835189309576840
Lincoln,59.274578428253264
Loudon,46.388800509067771
McMinn,56.538339166401528
McNairy,51.956729239580021
Macon,44.766146993318486
Madison,90.645879732739417
Marion,58.065542475342028
Marshall,58.574610244988868
Maury,79.096404708876861
Meigs,9.895004772510340
Monroe,51.638561883550750
Montgomery,85.587018771874000
Moore,12.026726057906458
Morgan,21.253579382755330
Obion,77.760101813553931
Overton,21.189945911549472
Perry,22.939866369710469
Pickett,3.086223353483932
Polk,17.499204581609927
Putnam,67.133312122176264
Rhea,49.125039770919507
Roane,41.902640789055049
Robertson,58.733693923003507
Rutherford,88.227807826916958
Scott,24.148902322621698
Sequatchie,20.267260579064590
Sevier,61.660833598472799
Shelby,99.236398345529750
Smith,32.103086223353486
Stewart,32.548520521794465
Sullivan,50.079541839007312
Sumner,83.359847279669111
Tipton,80.337257397391028
Trousdale,12.949411390391347
Unicoi,5.663378937321030
Union,15.112949411390392
Van Buren,5.090677696468342
Warren,59.688195991091320
Washington,54.311167674196625
Wayne,44.670696786509708
Weakley,78.491886732421250
White,26.280623608017816
Williamson,77.982818962774417
Wilson,79.700922685332486
Anderson,76.805599745466111
Andrews,38.975501113585750
Angelina,81.673560292713958
Aransas,84.505249761374472
Archer,21.380846325167038
Armstrong,10.658606426980592
Atascosa,65.924276169265028
Austin,63.601654470251354
Bailey,49.729557747375118
Bandera,51.702195354756597
Bastrop,78.587336939230028
Baylor,15.717467387846007
Bee,80.305440661788097
Bell,92.650334075723833
Bexar,98.281896277441945
Blanco,41.425389755011139
Borden,10.085905186127905
Bosque,36.780146356983771
Bowie,81.864460706331528
Brazoria,99.109131403118042
Brazos,85.237034680241806
Brewster,66.687877823735292
Briscoe,20.235443843461663
Brooks,55.170219535475660
Brown,72.478523703468028
Burleson,24.912503977091951
Burnet,80.146356983773472
Caldwell,81.991727648743236
Calhoun,85.141584473433028
Callahan,27.744193445752462
Cameron,98.472796691059500
Camp,55.361119949093215
Carson,60.610881323576201
Cass,56.092904867960549
Castro,39.070951320394528
Chambers,89.755011135857472
Cherokee,62.328985046134264
Childress,84.409799554565694
Clay,37.480114540248174
Cochran,35.634743875278396
Coke,17.371937639198219
Coleman,26.662424435252941
Collin,99.268215081132666
Collingsworth,47.788736875596562
Colorado,69.487750556792875
Comal,90.359529112313069
Comanche,59.242761692650333
Concho,6.586064269805918
Cooke,83.678014635698375
Coryell,71.937639198218264
Cottle,10.944957047406936
Crane,1.177219217308304
Crockett,11.994909322303531
Crosby,40.852688514158444
Culberson,15.049315940184538
Dallam,46.006999681832646
Dallas,99.140948138720958
Dawson,39.452752147629653
Deaf Smith,65.447025135221125
Delta,11.263124403436207
Denton,98.250079541839014
DeWitt,87.082405345211583
Dickens,16.735602927139677
Dimmit,31.530384982500799
Donley,27.298759147311486
Duval,20.299077314667517
Eastland,53.993000318167361
Ector,84.855233853006681
Edwards,7.763283487114222
Ellis,76.710149538657333
El Paso,94.336621062678972
Erath,76.678332803054403
Falls,33.980273623926180
Fannin,72.701240852688514
Fayette,53.229398663697104
Fisher,9.354120267260580
Floyd,82.023544384346167
Foard,3.849825007954184
Fort Bend,99.077314667515111
Franklin,39.802736239261854
Freestone,37.734648425071590
Frio,41.966274260260903
Gaines,74.705695195672931
Galveston,99.522748965956097
Garza,38.593700286350618
Gillespie,58.033725739739104
Glasscock,12.599427298759148
Goliad,50.334075723830743
Gonzales,88.005090677696472
Gray,67.387846006999681
Grayson,83.487114222080820
Gregg,88.641425389755014
Grimes,68.246897868278708
Guadalupe,90.200445434298445
Hale,76.773783009863180
Hall,38.911867642379896
Hamilton,28.953229398663698
Hansford,47.184218899140951
Hardeman,7.286032453070315
Hardin,83.805281578110097
Harris,99.968183264397069
Harrison,74.260260897231944
Hartley,51.606745147947819
Haskell,23.130766783328031
Hays,93.923003499840917
Hemphill,53.865733375755639
Henderson,73.655742920776319
Hidalgo,98.759147311485833
Hill,68.151447661469930
Hockley,69.710467706013361
Hood,76.996500159083681
Hopkins,72.510340439070958
Houston,45.529748647788736
Howard,70.410435889277750
Hudspeth,6.681514476614700
Hunt,85.937002863506208
Hutchinson,72.860324530703153
Irion,14.635698377346484
Jack,25.548838689150493
Jackson,88.036907413299389
Jasper,76.741966274260264
Jeff Davis,18.771874005727014
Jefferson,97.741011772192181
Jim Hogg,4.645243398027362
Jim Wells,86.636971046770611
Johnson,90.104995227489653
Jones,47.502386255170222
Karnes,65.224307986000639
Kaufman,76.837416481069042
Kendall,63.792554883868910
Kenedy,7.349665924276169
Kent,2.640789055042952
Kerr,67.228762328985042
Kimble,46.038816417435569
King,0.763601654470251
Kinney,1.559020044543430
Kleberg,85.650652243079861
Knox,19.153674832962139
Lamar,82.341711740375430
Lamb,64.810690423162583
Lampasas,34.457524657970090
La Salle,10.404072542157175
Lavaca,72.669424117085583
Lee,38.943684377982819
Leon,34.648425071587660
Liberty,91.632198536430167
Limestone,40.470887686923326
Lipscomb,32.962138084632514
Live Oak,33.280305440661792
Llano,68.565065224307986
Loving,0.031816735602927
Lubbock,95.736557429207764
Lynn,40.439070951320396
McCulloch,9.990454979319122
McLennan,90.391345847916000
McMullen,1.718103722558066
Madison,46.420617244670694
Marion,14.381164492523066
Martin,21.889914094813872
Mason,9.385937002863507
Matagorda,89.786827871460389
Maverick,60.165447025135222
Medina,70.951320394527514
Menard,8.367801463569839
Midland,88.386891504931597
Milam,57.811008590518611
Mills,6.522430798600063
Mitchell,34.616608335984729
Montague,61.056315622017173
Montgomery,96.722876232898500
Moore,67.928730512249444
Morris,82.787146038816417
Motley,8.081450843143493
Nacogdoches,93.700286350620416
Navarro,84.568883232580333
Newton,47.820553611199493
Nolan,58.224626153356660
Nueces,97.550111358574611
Ochiltree,48.647788736875597
Oldham,6.108813235762011
Orange,96.563792554883861
Palo Pinto,59.783646197900097
Panola,56.251988545975188
Parker,87.909640470887680
Parmer,75.119312758510986
Pecos,17.212853961183583
Polk,82.214444797963722
Potter,91.091314031180403
Presidio,18.612790327712379
Rains,28.316894686605153
Randall,89.945911549475028
Reagan,7.317849188673242
Real,32.166719694559340
Red River,26.312440343620747
Reeves,39.770919503658924
Refugio,63.506204263442569
Roberts,3.977091950365892
Robertson,39.866369710467708
Rockwall,79.828189627744194
Runnels,21.985364301622653
Rusk,65.033407572383069
Sabine,26.885141584473430
San Augustine,22.717149220489976
San Jacinto,76.391982182628055
San Patricio,89.150493159401847
San Saba,13.935730194082089
Schleicher,13.840279987273304
Scurry,59.815462933503028
Shackelford,25.039770919503656
Shelby,72.414890232262181
Sherman,37.893732103086222
Smith,63.124403436207444
Somervell,30.416799236398344
Starr,82.818962774419347
Stephens,21.730830416799236
Sterling,5.504295259306395
Stonewall,9.576837416481069
Sutton,39.930003181673563
Swisher,56.951956729239583
Tarrant,98.822780782691694
Taylor,84.123448934139361
Terrell,0.890868596881960
Terry,45.402481705377028
Throckmorton,6.363347120585427
Titus,68.310531339484569
Tom Green,78.714603881641736
Travis,96.881959910913139
Trinity,50.365892459433660
Tyler,73.083041679923639
Upshur,70.505886096086542
Upton,8.845052497613745
Uvalde,70.855870187718736
Val Verde,79.605472478523708
Van Zandt,64.683423480750875
Victoria,91.950365892459430
Walker,80.496341075405667
Waller,79.764556156538333
Ward,9.481387209672288
Washington,72.764874323894375
Webb,73.273942093541194
Wharton,89.882278078269167
Wheeler,53.515749284123451
Wichita,82.468978682787139
Wilbarger,52.179446388800507
Willacy,84.887050588609611
Williamson,87.432389436843778
Wilson,76.582882596245625
Winkler,2.577155583837098
Wise,79.064587973273944
Wood,36.684696150174993
Yoakum,48.902322621699014
Young,50.238625517021951
Zapata,22.876232898504615
Zavala,43.461660833598472
Beaver,10.594972955774736
Box Elder,76.487432389436847
Cache,86.191536748329625
Carbon,20.585427935093858
Daggett,0.349984091632199
Davis,93.795736557429208
Duchesne,20.712694877505569
Emery,13.394845688832326
Garfield,19.949093223035316
Grand,13.299395482023543
Iron,84.600699968183264
Juab,55.074769328666882
Kane,21.158129175946545
Millard,26.694241170855872
Morgan,9.226853324848870
Piute,1.909004136175628
Rich,5.822462615335667
Salt Lake,98.950047725103403
San Juan,5.854279350938594
Sanpete,49.506840598154625
Sevier,27.839643652561247
Summit,69.360483614381167
Tooele,77.696468342348084
Uintah,9.831371301304486
Utah,96.818326439707278
Wasatch,44.384346166083361
Washington,95.704740693604833
Wayne,2.481705377028317
Weber,94.209354120267264
Addison,16.099268215081132
Bennington,18.899140948138722
Caledonia,22.844416162901688
Chittenden,39.102768055997458
Essex,3.054406617881006
Franklin,27.107858733693924
Grand Isle,1.081769010499523
Lamoille,12.631244034362075
Orange,19.885459751829462
Orleans,26.566974228444163
Rutland,45.593382118994590
Washington,56.761056315622014
Windham,48.615972001272667
Windsor,56.920139993636653
Accomack,89.564110722239903
Albemarle,64.397072860324528
Alleghany,14.158447343302576
Amelia,9.417753738466434
Amherst,10.372255806554248
Appomattox,4.963410754056634
Arlington,73.910276805599750
Augusta,43.938911867642375
Bath,4.358892777601018
Bedford,27.139675469296847
Bland,1.495386573337576
Botetourt,8.399618199172764
Brunswick,28.539611835825646
Buchanan,46.802418071905819
Buckingham,13.203945275214762
Campbell,20.330894050270444
Caroline,15.526566974228444
Carroll,8.113267578746420
Charles City,13.553929366846962
Charlotte,12.281259942729877
Chesterfield,88.609608654152083
Clarke,10.340439070951321
Craig,0.572701240852688
Culpeper,43.429844097995549
Cumberland,8.335984727966911
Dickenson,19.121858097359212
Dinwiddie,24.117085587018771
Essex,60.833598472796687
Fairfax,94.591154947502389
Fauquier,47.725103404390708
Floyd,3.245307031498569
Fluvanna,13.267578746420616
Franklin,13.172128539611835
Frederick,51.288577791918541
Giles,7.063315303849825
Gloucester,65.383391664015264
Goochland,12.535793827553293
Grayson,4.486159720012727
Greene,13.140311804008908
Greensville,18.358256442888958
Halifax,43.811644925230667
Hanover,56.665606108813236
Henrico,78.619153674832958
Henry,49.093223035316576
Highland,0.509067769646834
Isle of Wight,71.460388164174361
James City,77.505567928730514
King and Queen,36.239261851734014
King George,47.756920139993639
King William,35.157492841234486
Lancaster,66.083359847279667
Lee,21.062678969137767
Loudoun,78.205536111994917
Louisa,37.352847597836465
Lunenburg,19.471842188991410
Madison,15.781100859051861
Mathews,60.897231944002549
Mecklenburg,51.034043907095125
Middlesex,62.297168310531333
Montgomery,26.407890550429524
Nelson,10.213172128539611
New Kent,34.425707922367167
Northampton,73.464842507158764
Northumberland,71.396754692968500
Nottoway,21.030862233534840
Orange,48.552338530066812
Page,28.094177537384663
Patrick,9.099586382437161
Pittsylvania,46.579700922685333
Powhatan,10.563156220171809
Prince Edward,20.458160992682149
Prince George,51.224944320712694
Prince William,85.746102449888639
Pulaski,9.608654152083997
Rappahannock,6.236080178173720
Richmond,43.016226535157493
Roanoke,35.762010817690104
Rockbridge,15.876551065860642
Rockingham,61.024498886414257
Russell,7.222398981864461
Scott,10.054088450524976
Shenandoah,57.429207763283486
Smyth,15.081132675787465
Southampton,50.429525930639521
Spotsylvania,55.647470569519562
Stafford,73.051224944320708
Surry,40.343620744511618
Sussex,16.321985364301622
Tazewell,52.243079860006361
Warren,39.739102768055993
Washington,18.708240534521160
Westmoreland,65.415208399618194
Wise,43.238943684377986
Wythe,8.495068405981545
York,81.578110085905180
Alexandria,69.837734648425069
Bristol,3.786191536748330
Buena Vista,1.145402481705377
Charlottesville,26.821508113267576
Chesapeake,90.582246261533570
Colonial Heights,11.899459115494750
Covington,1.431753102131721
Danville,60.356347438752792
Emporia,13.426662424435253
Fairfax,25.580655424753417
Falls Church,15.494750238625517
Franklin,18.071905822462618
Fredericksburg,21.858097359210944
Galax,6.426980591791283
Hampton,87.877823735284750
Harrisonburg,34.234807508749604
Hopewell,39.420935412026722
Lexington,1.686286986955138
Lynchburg,44.129812281259944
Manassas,41.616290168628701
Manassas Park,12.090359529112312
Martinsville,9.640470887686924
Newport News,90.073178491886736
Norfolk,91.504931594018458
Norton,1.781737193763920
Petersburg,37.702831689468667
Poquoson,30.512249443207129
Portsmouth,83.837098313713014
Radford,3.340757238307350
Richmond,73.242125357938264
Roanoke,45.943366210626792
Salem,16.481069042316257
Staunton,15.749284123448934
Suffolk,80.814508431434945
Virginia Beach,88.195991091314028
Waynesboro,17.817371937639198
Williamsburg,37.766465160674514
Winchester,27.171492204899778
Adams,39.834552974864778
Asotin,9.258670060451797
Benton,87.241489023226222
Chelan,86.923321667196944
Clallam,87.496022908049625
Clark,95.832007636016542
Columbia,3.595291123130766
Cowlitz,92.141266306077000
Douglas,63.538020999045500
Ferry,55.997454661151771
Franklin,68.469615017499208
Garfield,0.827235125676106
Grant,80.973592109449569
Grays Harbor,94.909322303531667
Island,82.564428889595931
Jefferson,60.642698059179125
King,99.650015908367806
Kitsap,94.527521476296528
Kittitas,84.441616290168625
Klickitat,65.097041043588931
Lewis,92.173083041679931
Lincoln,37.511931275851097
Mason,84.664333439389111
Okanogan,85.077951002227167
Pacific,81.037225580655431
Pend Oreille,6.872414890232262
Pierce,98.727330575882917
San Juan,41.584473433025771
Skagit,89.118676423798917
Skamania,69.996818326439708
Snohomish,97.900095450206805
Spokane,81.323576201081778
Stevens,43.557111040407257
Thurston,96.213808463251667
Wahkiakum,45.720649061406299
Walla Walla,70.760419980909958
Whatcom,90.932230353165764
Whitman,23.830734966592431
Yakima,93.223035316576514
Barbour,5.058860960865416
Berkeley,59.847279669105944
Boone,22.208081450843142
Braxton,6.808781419026408
Brooke,20.744511613108497
Cabell,40.120903595291125
Calhoun,4.740693604836144
Clay,10.022271714922049
Doddridge,4.104358892777601
Fayette,24.753420299077312
Gilmer,5.377028316894687
Grant,14.222080814508431
Greenbrier,44.957047406936049
Hampshire,19.694559338211899
Hancock,27.776010181355392
Hardy,31.753102131721285
Harrison,30.162265351574931
Jackson,15.335666560610880
Jefferson,44.893413935730194
Kanawha,79.573655742920778
Lewis,5.695195672923958
Lincoln,29.621380846325167
Logan,64.301622653515750
McDowell,63.919821826280618
Marion,31.212217626471521
Marshall,25.676105631562201
Mason,12.217626471524023
Mercer,44.225262488068722
Mineral,17.149220489977729
Mingo,50.302258988227813
Monongalia,38.466433343938910
Monroe,6.267896913776647
Morgan,11.581291759465479
Nicholas,22.971683105313396
Ohio,54.120267260579070
Pendleton,14.094813872096722
Pleasants,2.736239261851734
Pocahontas,2.704422526248807
Preston,11.326757874642061
Putnam,25.357938275532931
Raleigh,57.333757556474708
Randolph,12.408526885141583
Ritchie,2.895322939866370
Roane,18.740057270124087
Summers,5.154311167674196
Taylor,4.167992363983456
Tucker,2.290804963410754
Tyler,3.499840916321986
Upshur,5.631562201718103
Wayne,34.998409163219854
Webster,9.035952911231309
Wetzel,24.626153356665608
Wirt,2.099904549793191
Wood,27.585109767737830
Wyoming,30.925867006045181
Adams,36.143811644925236
Ashland,3.658924594336621
Barron,62.869869551384028
Bayfield,4.613426662424435
Brown,78.110085905186139
Buffalo,15.367483296213807
Burnett,17.531021317212854
Calumet,47.693286668787785
Chippewa,50.620426344257076
Clark,38.657333757556472
Columbia,67.546929685014319
Crawford,66.115176582882597
Dane,90.741329939548194
Dodge,67.356029271396750
Door,18.294622971683104
Douglas,21.794463888005090
Dunn,60.992682150811326
Eau Claire,65.319758192809417
Florence,0.986318803690741
Fond du Lac,70.537702831689458
Forest,3.149856824689787
Grant,61.756283805281576
Green,46.325167037861917
Green Lake,41.807190582246264
Iowa,37.225580655424757
Iron,2.672605790645880
Jackson,27.362392618517340
Jefferson,75.596563792554889
Juneau,47.216035634743875
Kenosha,78.396436525612472
Kewaunee,13.044861597200127
La Crosse,73.687559656379250
Lafayette,33.757556474705694
Langlade,16.385618835507476
Lincoln,11.931275851097677
Manitowoc,57.779191854915688
Marathon,61.565383391664021
Marinette,21.412663060769965
Marquette,24.371619471842191
Menominee,2.227171492204900
Milwaukee,93.763919821826278
Monroe,62.138084632516701
Oconto,26.789691377664653
Oneida,17.912822144447979
Outagamie,70.314985682468972
Ozaukee,49.665924276169264
Pepin,14.540248170537703
Pierce,68.946866051543111
Polk,57.079223671651292
Portage,58.606426980591785
Price,8.240534521158128
Racine,75.214762965319764
Richland,25.167037861915372
Rock,81.259942729875917
Rusk,11.072223989818644
St. Croix,76.105631562201708
Sauk,59.624562519885458
Sawyer,7.413299395482023
Shawano,38.211899459115493
Sheboygan,65.574292077632833
Taylor,18.103722558065545
Trempealeau,51.193127585109764
Vernon,51.129494113903917
Vilas,7.795100222717149
Walworth,70.092268533248486
Washburn,7.476932866687878
Washington,71.269487750556792
Waukesha,85.555202036271083
Waupaca,47.629653197581931
Waushara,43.366210626789695
Winnebago,78.237352847597847
Wood,60.483614381164500
Albany,42.825326121539931
Big Horn,6.395163856188354
Campbell,54.852052179446389
Carbon,10.881323576201082
Converse,18.930957683741649
Crook,13.903913458479161
Fremont,53.483932548520521
Goshen,26.248806872414892
Hot Springs,4.581609926821508
Johnson,6.649697741011772
Laramie,80.591791282214444
Lincoln,69.074132993954819
Natrona,40.661788100540889
Niobrara,4.008908685968819
Park,26.439707286032455
Platte,9.672287623289851
Sheridan,25.994272987591472
Sublette,44.988864142538972
Sweetwater,6.617881005408845
Teton,68.501431753102125
Uinta,21.699013681196309
Washakie,2.513522112631244
Weston,16.640152720330896
Eastern,
Manu'a,
Western,
Guam,
Rota,
Saipan,
Tinian,
Adjuntas,
Aguada,
Aguadilla,
Aguas Buenas,
Aibonito,
A√±asco,
Arecibo,
Arroyo,
Barceloneta,
Barranquitas,
Bayam√≥n,
Cabo Rojo,
Caguas,
Camuy,
Can√≥vanas,
Carolina,
Cata√±o,
Cayey,
Ceiba,
Ciales,
Cidra,
Coamo,
Comer√≠o,
Corozal,
Culebra,
Dorado,
Fajardo,
Florida,
Gu√°nica,
Guayama,
Guayanilla,
Guaynabo,
Gurabo,
Hatillo,
Hormigueros,
Humacao,
Isabela,
Jayuya,
Juana D√≠az,
Juncos,
Lajas,
Lares,
Las Mar√≠as,
Las Piedras,
Lo√≠za,
Luquillo,
Manat√≠,
Maricao,
Maunabo,
Mayag√ºez,
Moca,
Morovis,
Naguabo,
Naranjito,
Orocovis,
Patillas,
Pe√±uelas,
Ponce,
Quebradillas,
Rinc√≥n,
R√≠o Grande,
Sabana Grande,
Salinas,
San Germ√°n,
San Juan,
San Lorenzo,
San Sebasti√°n,
Santa Isabel,
Toa Alta,
Toa Baja,
Trujillo Alto,
Utuado,
Vega Alta,
Vega Baja,
Vieques,
Villalba,
Yabucoa,
Yauco,
St. Croix,
St. John,
St. Thomas,
